Filename,Event_ID,Level,Service,Timestamp,TimeGenerated,Hash,Class
Application_14725,9997,4,Application,2025-09-28 07:34:28,2025-09-28 13:04:28,88449836fdcab636eba09232673f8b30519545ac073293fea8cc19b0ddb43c98,Normal
Edge_14724,-2147483392,4,Edge,2025-09-28 07:34:48,2025-09-28 13:04:48,2bec2f85a2075453f065126a40e43a963f82b01ffb383bd871c7dbd2c69dfa94,Normal
Netwtw14_40024,1073748845,4,Netwtw14,2025-09-28 07:35:08,2025-09-28 13:05:08,02cb5456904ef32a44215e4f05c9eff501ce331246a921300bcd848530b248a7,Normal
HP_Comm_Recovery_14723,0,2,HP,2025-09-28 07:35:28,2025-09-28 13:05:28,ea4578de7df4680b29f3eb3fc5a005744e794667984c9b6fc1ca8598f8b30b72,Normal
TPM_40023,17,4,TPM,2025-09-28 07:35:48,2025-09-28 13:05:48,94ebeb6434bca846e4258306193b7703e1e799f0dc6d501e8a5f90ae16586cea,Normal
TPM_40022,17,4,TPM,2025-09-28 07:36:08,2025-09-28 13:06:08,88e97cdc6dbf0dc86aea81ac8fd03ef65a5bd1f3560ce314cefcbe430fef3881,Normal
igcc_14722,0,4,igcc,2025-09-28 07:36:28,2025-09-28 13:06:28,4ff61584c3cb6d087dd594606ff13717a5eb1a62d61ffacce31ff32d2d374624,Normal
TPM_40021,17,4,TPM,2025-09-28 07:36:48,2025-09-28 13:06:48,b9fe90ba22b381b7a3878d7b3c86f19d33bcf58d68cf3a94d4936b0454825c8b,Normal
Wlclntfy_14721,-2147477648,2,Wlclntfy,2025-09-28 07:37:08,2025-09-28 13:07:08,eee48d51b30658d9fd2c773a1992f9508c9bd1eacaf42c5ad169560f928a7585,Normal
TPM_40020,17,4,TPM,2025-09-28 07:37:28,2025-09-28 13:07:28,20d03b6acd66beb1b7c1319fa9dbcc4aa46e2372a539fc17da6dea47e4e24596,Normal
